number,petname
1,Tamara
2,Andrea
3,Carlos
4,Denise
5,Stacy
6,Anthony
7,Jamie
8,Edwin
9,Michael
10,Donna
11,Alex
12,Jennifer
13,Timothy
14,Chad
15,Nicholas
16,Donald
17,Wendy
18,Corey
19,Lindsey
20,Lisa
21,Jacob
22,Erin
23,Courtney
24,Lisa
25,Todd
26,Joseph
27,Timothy
28,Eddie
29,Sara
30,Christine
31,Edward
32,Matthew
33,Melissa
34,Emily
35,Jose
36,Patrick
37,Cesar
38,Katrina
39,Tammy
40,Kelly
41,Virginia
42,Mark
43,Jeffery
44,Rebecca
45,Jorge
46,Tracy
47,Steven
48,Christopher
49,Amanda
50,Michelle
51,Steven
52,Gabriel
53,John
54,Amy
55,David
56,Rachel
57,Samantha
58,Nicholas
59,Taylor
60,Bobby
61,Christine
62,Jessica
63,Ian
64,Kenneth
65,Nicholas
66,Brett
67,Megan
68,Michael
69,Samantha
70,Glenn
71,Ariel
72,Sylvia
73,Beverly
74,Christine
75,Erin
76,Melissa
77,Ann
78,Abigail
79,Zachary
80,Kristen
81,Philip
82,David
83,Catherine
84,Alexis
85,Brooke
86,Jeffrey
87,Lawrence
88,Paul
89,Mike
90,Glen
91,Derek
92,James
93,Valerie
94,Jared
95,Michelle
96,Holly
97,Andrew
98,Jesus
99,Laura
100,Kimberly
101,Matthew
102,Francis
103,Michael
104,Linda
105,Edward
106,Steven
107,Bruce
108,Maria
109,Jessica
110,Laura
111,Rebecca
112,Sean
113,James
114,Gabriel
115,Julie
116,Michael
117,Bryce
118,Katherine
119,Jacqueline
120,Angela
121,Elizabeth
122,Justin
123,Nathaniel
124,Savannah
125,Jessica
126,Heather
127,Todd
128,Linda
129,Stacey
130,Kimberly
131,Ashley
132,Dawn
133,Luke
134,Catherine
135,Mary
136,Joanne
137,Mark
138,Andrew
139,Christopher
140,Julie
141,Matthew
142,Chase
143,Melissa
144,Lindsey
145,Madison
146,Raymond
147,Stacey
148,Matthew
149,Mark
150,Mark
151,Vicki
152,Michael
153,Anthony
154,Lawrence
155,John
156,Nancy
157,Miguel
158,James
159,Jacqueline
160,Jason
161,Kristina
162,Victoria
163,Margaret
164,Ronald
165,Jacqueline
166,Michael
167,Shannon
168,Gabriella
169,Kimberly
170,Joseph
171,Sarah
172,Christine
173,Larry
174,Rick
175,Amy
176,Chad
177,James
178,Michelle
179,Ashley
180,Thomas
181,Robert
182,Donna
183,Ian
184,Judy
185,Brian
186,Shannon
187,Tammy
188,Robert
189,Cynthia
190,Alan
191,Calvin
192,Traci
193,Diamond
194,Amanda
195,Kimberly
196,Tonya
197,Arthur
198,Kevin
199,Katrina
200,Jeremiah
201,Ashley
202,Michael
203,Phillip
204,Courtney
205,Patricia
206,Carlos
207,Eileen
208,Michael
209,Raymond
210,Lindsay
211,Lisa
212,Andrea
213,Leon
214,Nicholas
215,Mitchell
216,Lisa
217,Tammy
218,Jared
219,Gloria
220,James
221,Mark
222,Levi
223,Angela
224,Kenneth
225,Anthony
226,Patrick
227,Lisa
228,Lisa
229,Tiffany
230,Sarah
231,Phillip
232,Paula
233,Nicole
234,Brian
235,Shari
236,Melanie
237,Nicholas
238,Martin
239,Loretta
240,Jonathan
241,Denise
242,Erin
243,Kim
244,Paul
245,Ronald
246,Jason
247,Jeffery
248,John
249,Stefanie
250,Elizabeth
251,Devin
252,Joshua
253,Alexandra
254,Brian
255,Karen
256,Mark
257,Barry
258,Ricky
259,Michelle
260,Kenneth
261,Melissa
262,Mark
263,Audrey
264,Jennifer
265,Kristine
266,Gary
267,Taylor
268,Kenneth
269,Denise
270,Donna
271,Michael
272,Jose
273,Daniel
274,Walter
275,Carla
276,Anna
277,Catherine
278,Dana
279,Tracie
280,Andrew
281,Brandon
282,Tammy
283,Jessica
284,Victoria
285,Amber
286,Kathleen
287,Sara
288,Monica
289,Vanessa
290,Nicholas
291,Taylor
292,Keith
293,Megan
294,Derek
295,Katherine
296,Spencer
297,Bradley
298,Richard
299,Samantha
300,Jennifer
